{"y": 137.2997645362112, "x": 294.06643109497975}