{"y": 232.86998391358566, "x": 772.5515985500449}