{"y": 140.33159167247695, "x": 339.20073639439659}