{"6":{"y":222.15124611866842, "x": 317.17252484674242}}
