{"y": 187.19433366881103, "x": 347.59730738117656}