{"y": 102.15124611866842, "x": 317.17252484674242}