{"y": 410.0522164100226, "x": 480.06145215869606}