{"y": 328.75516489610743, "x": 273.04847232779736}