{"y": 351.4645962165947, "x": 751.4335056171086}