{"y": 269.1074101138662, "x": 103.65142337700149}