{"y": 282.92545483878155, "x": 230.70932459393646}