{"y": 339.78200829455466, "x": 49.77482940194442}